Workbook

Sheet Parameters
A1: Probability | B1: 0.7
A2: Mean | B2: 40
A3: StdDev | B3: 10

Sheet Data
A1: Data | B1: Groups
A2: =ROUND(_xlfn.NORM.INV(RAND(),Parameters!$B$2,Parameters!$B$3),0) -> 32 | B2: =RANDBETWEEN(1,4) -> 2
A3: =ROUND(_xlfn.NORM.INV(RAND(),Parameters!$B$2,Parameters!$B$3),0) -> 27 | B3: =RANDBETWEEN(1,4) -> 4
A4: =ROUND(_xlfn.NORM.INV(RAND(),Parameters!$B$2,Parameters!$B$3),0) -> 43 | B4: =RANDBETWEEN(1,4) -> 2
A5: =ROUND(_xlfn.NORM.INV(RAND(),Parameters!$B$2,Parameters!$B$3),0) -> 44 | B5: =RANDBETWEEN(1,4) -> 1
A6: =ROUND(_xlfn.NORM.INV(RAND(),Parameters!$B$2,Parameters!$B$3),0) -> 38 | B6: =RANDBETWEEN(1,4) -> 4
A7: =ROUND(_xlfn.NORM.INV(RAND(),Parameters!$B$2,Parameters!$B$3),0) -> 37 | B7: =RANDBETWEEN(1,4) -> 2
A8: =ROUND(_xlfn.NORM.INV(RAND(),Parameters!$B$2,Parameters!$B$3),0) -> 19 | B8: =RANDBETWEEN(1,4) -> 1
A9: =ROUND(_xlfn.NORM.INV(RAND(),Parameters!$B$2,Parameters!$B$3),0) -> 52 | B9: =RANDBETWEEN(1,4) -> 1
A10: =ROUND(_xlfn.NORM.INV(RAND(),Parameters!$B$2,Parameters!$B$3),0) -> 39 | B10: =RANDBETWEEN(1,4) -> 2
A11: =ROUND(_xlfn.NORM.INV(RAND(),Parameters!$B$2,Parameters!$B$3),0) -> 39 | B11: =RANDBETWEEN(1,4) -> 1
A12: =ROUND(_xlfn.NORM.INV(RAND(),Parameters!$B$2,Parameters!$B$3),0) -> 42 | B12: =RANDBETWEEN(1,4) -> 1
A13: =ROUND(_xlfn.NORM.INV(RAND(),Parameters!$B$2,Parameters!$B$3),0) -> 55 | B13: =RANDBETWEEN(1,4) -> 2
... A251: =ROUND(_xlfn.NORM.INV(RAND(),Parameters!$B$2,Parameters!$B$3),0) -> 40 | B251: =RANDBETWEEN(1,4) -> 2

Sheet Sample
A1: Data | B1: Groups | C1: Sample data
A2: 35 | B2: 2 | C2: =IF(B2=2,A2," ") -> 35
A3: 46 | B3: 1 | C3: =IF(B3=2,A3," ")
A4: 43 | B4: 1 | C4: =IF(B4=2,A4," ")
A5: 15 | B5: 2 | C5: =IF(B5=2,A5," ") -> 15
A6: 22 | B6: 1 | C6: =IF(B6=2,A6," ")
A7: 46 | B7: 1 | C7: =IF(B7=2,A7," ")
A8: 39 | B8: 1 | C8: =IF(B8=2,A8," ")
A9: 36 | B9: 3 | C9: =IF(B9=2,A9," ")
A10: 48 | B10: 4 | C10: =IF(B10=2,A10," ")
A11: 38 | B11: 3 | C11: =IF(B11=2,A11," ")
A12: 40 | B12: 2 | C12: =IF(B12=2,A12," ") -> 40
A13: 50 | B13: 2 | C13: =IF(B13=2,A13," ") -> 50
... A251: 36 | B251: 1 | C251: =IF(B251=2,A251," ")

Sheet Statistical insight
A1: STDDEV | B1: =SQRT(B10) -> 10.447881
A2: EXPECTED VALUE | B2: =AVERAGE(Sample!C2:C251) -> 37.405797
A3: COUNT | B3: =COUNT(Sample!C2:C251) -> 69
A4: CONFIDENCE RATE | B4: 0.95
A5: Estimation of p parameter | B5: =_xlfn.NORM.S.INV(0.975) -> 1.959964
A6: Confidence interval (lower limit) | B6: =B2-B5*B11 -> 34.940599
A7: Confidence interval (upper limit) | B7: =B2+B5*B11 -> 39.870995
A10: varianza p | B10: =_xlfn.VAR.P(Sample!A2:A251) -> 109.15822
A11: standar error p | B11: =B1/SQRT(B3) -> 1.2577771

Sheet (Un)correlated variables
A1: Sample data | B1: Number of cats | C1: Age of partner
A2: 35 | B2: 4 | C2: =ROUND($H$3*A2+SQRT(1-$E$3)*B2,0) -> 35 | E2: r^2 | G2: Correlation age and cats | H2: =PEARSON(A2:A70,B2:B70) -> -0.083986936 | I2: Correlazione negativa, all'aumentare di una variabile, l'altra diminuisce
A3: 15 | B3: 6 | C3: =ROUND($H$3*A3+SQRT(1-$E$3)*B3,0) -> 16 | E3: =H3^2 -> 0.9409 | G3: Desired correlation( r ) | H3: 0.97
A4: 40 | B4: 2 | C4: =ROUND($H$3*A4+SQRT(1-$E$3)*B4,0) -> 39 | G4: Actual correlation(r') | H4: =PEARSON(A2:A70,C2:C70) -> 0.99878042 | I4: Correlazione positiva, all'aumentare di una variabile, l'altra aumenta
A5: 50 | B5: 3 | C5: =ROUND($H$3*A5+SQRT(1-$E$3)*B5,0) -> 49
A6: 30 | B6: 7 | C6: =ROUND($H$3*A6+SQRT(1-$E$3)*B6,0) -> 31
A7: 52 | B7: 3 | C7: =ROUND($H$3*A7+SQRT(1-$E$3)*B7,0) -> 51
A8: 32 | B8: 3 | C8: =ROUND($H$3*A8+SQRT(1-$E$3)*B8,0) -> 32
A9: 40 | B9: 5 | C9: =ROUND($H$3*A9+SQRT(1-$E$3)*B9,0) -> 40
A10: 15 | B10: 2 | C10: =ROUND($H$3*A10+SQRT(1-$E$3)*B10,0) -> 15
A11: 32 | B11: 2 | C11: =ROUND($H$3*A11+SQRT(1-$E$3)*B11,0) -> 32
A12: 31 | B12: 2 | C12: =ROUND($H$3*A12+SQRT(1-$E$3)*B12,0) -> 31
A13: 18 | B13: 5 | C13: =ROUND($H$3*A13+SQRT(1-$E$3)*B13,0) -> 19
A14: 29 | B14: 5 | C14: =ROUND($H$3*A14+SQRT(1-$E$3)*B14,0) -> 29
A15: 58 | B15: 5 | C15: =ROUND($H$3*A15+SQRT(1-$E$3)*B15,0) -> 57
A16: 36 | B16: 7 | C16: =ROUND($H$3*A16+SQRT(1-$E$3)*B16,0) -> 37
... A70: 39 | B70: 6 | C70: =ROUND($H$3*A70+SQRT(1-$E$3)*B70,0) -> 39

Sheet Linear regression
A1: Y (age) | B1: X (rank)
A2: ='(Un)correlated variables'!A47 -> 14 | B2: 1
A3: ='(Un)correlated variables'!A3 -> 15 | B3: =B2+1 -> 2
A4: ='(Un)correlated variables'!A10 -> 15 | B4: =B3+1 -> 3
A5: ='(Un)correlated variables'!C10 -> 15 | B5: =B4+1 -> 4
A6: ='(Un)correlated variables'!C47 -> 15 | B6: =B5+1 -> 5
A7: ='(Un)correlated variables'!A18 -> 16 | B7: =B6+1 -> 6
A8: ='(Un)correlated variables'!C3 -> 16 | B8: =B7+1 -> 7
A9: ='(Un)correlated variables'!C18 -> 16 | B9: =B8+1 -> 8
A10: ='(Un)correlated variables'!A13 -> 18 | B10: =B9+1 -> 9 | E10: =_xlfn.FORECAST.LINEAR(160,A2:A139,B2:B139) -> 61.881693
A11: ='(Un)correlated variables'!C13 -> 19 | B11: =B10+1 -> 10
A12: ='(Un)correlated variables'!A31 -> 20 | B12: =B11+1 -> 11
A13: ='(Un)correlated variables'!A45 -> 20 | B13: =B12+1 -> 12
A14: ='(Un)correlated variables'!C31 -> 21 | B14: =B13+1 -> 13
A15: ='(Un)correlated variables'!C45 -> 21 | B15: =B14+1 -> 14
A16: ='(Un)correlated variables'!A46 -> 25 | B16: =B15+1 -> 15
A17: ='(Un)correlated variables'!C46 -> 25 | B17: =B16+1 -> 16
A18: ='(Un)correlated variables'!C26 -> 26 | B18: =B17+1 -> 17
A19: ='(Un)correlated variables'!A26 -> 27 | B19: =B18+1 -> 18
A20: ='(Un)correlated variables'!A58 -> 27 | B20: =B19+1 -> 19
A21: ='(Un)correlated variables'!A68 -> 27 | B21: =B20+1 -> 20
A22: ='(Un)correlated variables'!C58 -> 27 | B22: =B21+1 -> 21
A23: ='(Un)correlated variables'!A20 -> 28 | B23: =B22+1 -> 22
A24: ='(Un)correlated variables'!C20 -> 28 | B24: =B23+1 -> 23
A25: ='(Un)correlated variables'!C41 -> 28 | B25: =B24+1 -> 24
A26: ='(Un)correlated variables'!C68 -> 28 | B26: =B25+1 -> 25
A27: ='(Un)correlated variables'!A14 -> 29 | B27: =B26+1 -> 26
A28: ='(Un)correlated variables'!A36 -> 29 | B28: =B27+1 -> 27
A29: ='(Un)correlated variables'!A41 -> 29 | B29: =B28+1 -> 28
A30: ='(Un)correlated variables'!C14 -> 29 | B30: =B29+1 -> 29
A31: ='(Un)correlated variables'!C36 -> 29 | B31: =B30+1 -> 30
A32: ='(Un)correlated variables'!A6 -> 30 | B32: =B31+1 -> 31
A33: ='(Un)correlated variables'!C62 -> 30 | B33: =B32+1 -> 32
A34: ='(Un)correlated variables'!A12 -> 31 | B34: =B33+1 -> 33
A35: ='(Un)correlated variables'!A17 -> 31 | B35: =B34+1 -> 34
A36: ='(Un)correlated variables'!A50 -> 31 | B36: =B35+1 -> 35
A37: ='(Un)correlated variables'!A62 -> 31 | B37: =B36+1 -> 36
A38: ='(Un)correlated variables'!C6 -> 31 | B38: =B37+1 -> 37
A39: ='(Un)correlated variables'!C12 -> 31 | B39: =B38+1 -> 38
A40: ='(Un)correlated variables'!C50 -> 31 | B40: =B39+1 -> 39
A41: ='(Un)correlated variables'!A8 -> 32 | B41: =B40+1 -> 40
A42: ='(Un)correlated variables'!A11 -> 32 | B42: =B41+1 -> 41
A43: ='(Un)correlated variables'!A19 -> 32 | B43: =B42+1 -> 42
A44: ='(Un)correlated variables'!A51 -> 32 | B44: =B43+1 -> 43
A45: ='(Un)correlated variables'!C8 -> 32 | B45: =B44+1 -> 44
A46: ='(Un)correlated variables'!C11 -> 32 | B46: =B45+1 -> 45
A47: ='(Un)correlated variables'!C17 -> 32 | B47: =B46+1 -> 46
A48: ='(Un)correlated variables'!C19 -> 32 | B48: =B47+1 -> 47
A49: ='(Un)correlated variables'!C24 -> 32 | B49: =B48+1 -> 48
A50: ='(Un)correlated variables'!C51 -> 32 | B50: =B49+1 -> 49
A51: ='(Un)correlated variables'!A24 -> 33 | B51: =B50+1 -> 50
A52: ='(Un)correlated variables'!A48 -> 33 | B52: =B51+1 -> 51
A53: ='(Un)correlated variables'!C48 -> 33 | B53: =B52+1 -> 52
A54: ='(Un)correlated variables'!C66 -> 33 | B54: =B53+1 -> 53
A55: ='(Un)correlated variables'!A23 -> 34 | B55: =B54+1 -> 54
A56: ='(Un)correlated variables'!A66 -> 34 | B56: =B55+1 -> 55
A57: ='(Un)correlated variables'!A67 -> 34 | B57: =B56+1 -> 56
A58: ='(Un)correlated variables'!C23 -> 34 | B58: =B57+1 -> 57
A59: ='(Un)correlated variables'!C67 -> 34 | B59: =B58+1 -> 58
A60: ='(Un)correlated variables'!A2 -> 35 | B60: =B59+1 -> 59
A61: ='(Un)correlated variables'!C2 -> 35 | B61: =B60+1 -> 60
A62: ='(Un)correlated variables'!A16 -> 36 | B62: =B61+1 -> 61
A63: ='(Un)correlated variables'!A65 -> 36 | B63: =B62+1 -> 62
A64: ='(Un)correlated variables'!C56 -> 36 | B64: =B63+1 -> 63
A65: ='(Un)correlated variables'!C65 -> 36 | B65: =B64+1 -> 64
A66: ='(Un)correlated variables'!A54 -> 37 | B66: =B65+1 -> 65
A67: ='(Un)correlated variables'!A56 -> 37 | B67: =B66+1 -> 66
A68: ='(Un)correlated variables'!A57 -> 37 | B68: =B67+1 -> 67
A69: ='(Un)correlated variables'!A59 -> 37 | B69: =B68+1 -> 68
A70: ='(Un)correlated variables'!C16 -> 37 | B70: =B69+1 -> 69
A71: ='(Un)correlated variables'!C29 -> 37 | B71: =B70+1 -> 70
A72: ='(Un)correlated variables'!C54 -> 37 | B72: =B71+1 -> 71
A73: ='(Un)correlated variables'!C55 -> 37 | B73: =B72+1 -> 72
A74: ='(Un)correlated variables'!C59 -> 37 | B74: =B73+1 -> 73
A75: ='(Un)correlated variables'!A29 -> 38 | B75: =B74+1 -> 74
A76: ='(Un)correlated variables'!A53 -> 38 | B76: =B75+1 -> 75
A77: ='(Un)correlated variables'!A55 -> 38 | B77: =B76+1 -> 76
A78: ='(Un)correlated variables'!C53 -> 38 | B78: =B77+1 -> 77
A79: ='(Un)correlated variables'!C57 -> 38 | B79: =B78+1 -> 78
A80: ='(Un)correlated variables'!C61 -> 38 | B80: =B79+1 -> 79
A81: ='(Un)correlated variables'!A61 -> 39 | B81: =B80+1 -> 80
A82: ='(Un)correlated variables'!A70 -> 39 | B82: =B81+1 -> 81
A83: ='(Un)correlated variables'!C4 -> 39 | B83: =B82+1 -> 82
A84: ='(Un)correlated variables'!C70 -> 39 | B84: =B83+1 -> 83
A85: ='(Un)correlated variables'!A4 -> 40 | B85: =B84+1 -> 84
A86: ='(Un)correlated variables'!A9 -> 40 | B86: =B85+1 -> 85
A87: ='(Un)correlated variables'!A52 -> 40 | B87: =B86+1 -> 86
A88: ='(Un)correlated variables'!C9 -> 40 | B88: =B87+1 -> 87
A89: ='(Un)correlated variables'!C52 -> 40 | B89: =B88+1 -> 88
A90: ='(Un)correlated variables'!A35 -> 41 | B90: =B89+1 -> 89
A91: ='(Un)correlated variables'!C35 -> 41 | B91: =B90+1 -> 90
A92: ='(Un)correlated variables'!C37 -> 41 | B92: =B91+1 -> 91
A93: ='(Un)correlated variables'!A21 -> 42 | B93: =B92+1 -> 92
A94: ='(Un)correlated variables'!A28 -> 42 | B94: =B93+1 -> 93
A95: ='(Un)correlated variables'!A37 -> 42 | B95: =B94+1 -> 94
A96: ='(Un)correlated variables'!A44 -> 42 | B96: =B95+1 -> 95
A97: ='(Un)correlated variables'!C21 -> 42 | B97: =B96+1 -> 96
A98: ='(Un)correlated variables'!C28 -> 42 | B98: =B97+1 -> 97
A99: ='(Un)correlated variables'!C34 -> 42 | B99: =B98+1 -> 98
A100: ='(Un)correlated variables'!C44 -> 42 | B100: =B99+1 -> 99
...
